{
  "next-env.d.ts": 1774193236.4928274,
  "tailwind.config.ts": 1774899429.2332911,
  "vitest.config.ts": 1774126674.7471337,
  "capacitor.config.ts": 1774194017.4456313,
  "ios/App/App/AppDelegate.swift": 1774983850.918483,
  "ios/App/App/SceneDelegate.swift": 1774983850.918578,
  "ios/App/App/public/cordova.js": 1774983558.0251741,
  "ios/App/App/public/cordova_plugins.js": 1774983558.0252483,
  "ios/App/App/public/workbox-4754cb34.js": 1774983557.9882832,
  "ios/App/App/public/sw.js": 1774983557.9888475,
  "ios/App/App/public/_next/static/chunks/591.e21c94b033eba527.js": 1774983557.9905849,
  "ios/App/App/public/_next/static/chunks/33-10f2c9b72aa243f5.js": 1774983557.9935915,
  "ios/App/App/public/_next/static/chunks/689-ea6552181efd701d.js": 1774983557.9911895,
  "ios/App/App/public/_next/static/chunks/webpack-fc6437a0fdf5887f.js": 1774983557.9911513,
  "ios/App/App/public/_next/static/chunks/main-app-8cab2002b9c0dc0a.js": 1774983557.991606,
  "ios/App/App/public/_next/static/chunks/382.95a0d1b4e5ae676d.js": 1774983557.991537,
  "ios/App/App/public/_next/static/chunks/90.893810107471e296.js": 1774983557.992833,
  "ios/App/App/public/_next/static/chunks/117-72efacd9d8b3f832.js": 1774983557.9942968,
  "ios/App/App/public/_next/static/chunks/framework-f66176bb897dc684.js": 1774983557.9948843,
  "ios/App/App/public/_next/static/chunks/648-3691cc6972bf655d.js": 1774983557.9942083,
  "ios/App/App/public/_next/static/chunks/385.19144b75df1a9a6f.js": 1774983557.9945147,
  "ios/App/App/public/_next/static/chunks/fd9d1056-9586410786111ee9.js": 1774983557.9960995,
  "ios/App/App/public/_next/static/chunks/main-5be1fd384ce24e64.js": 1774983557.9951146,
  "ios/App/App/public/_next/static/chunks/230.e762d3810f1864d4.js": 1774983557.9946518,
  "ios/App/App/public/_next/static/chunks/663.23f9e01d50e58ec4.js": 1774983557.994758,
  "ios/App/App/public/_next/static/chunks/224.517d95c13615e1b8.js": 1774983557.994957,
  "ios/App/App/public/_next/static/chunks/polyfills-42372ed130431b0a.js": 1774983557.9972126,
  "ios/App/App/public/_next/static/chunks/503-b5cc7237714ba3fb.js": 1774983557.9950838,
  "ios/App/App/public/_next/static/chunks/app/page-e6648c0201716bd1.js": 1774983557.996847,
  "ios/App/App/public/_next/static/chunks/app/layout-493c1ae2241a65fb.js": 1774983557.9971838,
  "ios/App/App/public/_next/static/chunks/app/settings/page-c2a8b833f71ad880.js": 1774983557.997772,
  "ios/App/App/public/_next/static/chunks/app/words/page-a47508f59ffe9192.js": 1774983557.9983006,
  "ios/App/App/public/_next/static/chunks/app/words/detail/page-5ebe20f3d73384bb.js": 1774983557.999573,
  "ios/App/App/public/_next/static/chunks/app/auth/callback/page-cd90423ad39a75f2.js": 1774983557.9995852,
  "ios/App/App/public/_next/static/chunks/app/add/page-38b3b74a48e7626f.js": 1774983557.9979405,
  "ios/App/App/public/_next/static/chunks/app/review/page-130a0cfe50b5aad3.js": 1774983557.998712,
  "ios/App/App/public/_next/static/chunks/app/_not-found/page-49bbbd67188fea53.js": 1774983557.9982376,
  "ios/App/App/public/_next/static/chunks/app/login/page-372b8a96160f0fa4.js": 1774983557.9989755,
  "ios/App/App/public/_next/static/chunks/app/stats/page-c3b647197284c0ae.js": 1774983557.999284,
  "ios/App/App/public/_next/static/chunks/pages/_app-72b849fbd24ac258.js": 1774983557.997083,
  "ios/App/App/public/_next/static/chunks/pages/_error-7ba65e1336b92748.js": 1774983557.9972644,
  "ios/App/App/public/_next/static/kiQQZjn5eFkCY-tLzpGxZ/_ssgManifest.js": 1774983557.990391,
  "ios/App/App/public/_next/static/kiQQZjn5eFkCY-tLzpGxZ/_buildManifest.js": 1774983557.9904432,
  "ios/App/CapApp-SPM/Package.swift": 1774983558.0272186,
  "ios/App/CapApp-SPM/Sources/CapApp-SPM/CapApp-SPM.swift": 1772789101.0,
  "supabase/functions/usage-map/index.ts": 1774193925.4302707,
  "public/workbox-4754cb34.js": 1774982849.1600835,
  "public/sw.js": 1774982849.1600611,
  "android/app/src/androidTest/java/com/getcapacitor/myapp/ExampleInstrumentedTest.java": 1772789101.0,
  "android/app/src/test/java/com/getcapacitor/myapp/ExampleUnitTest.java": 1772789101.0,
  "android/app/src/main/java/com/vocabflow/app/MainActivity.java": 1774194035.5269532,
  "android/app/src/main/assets/public/cordova.js": 1774204780.6815543,
  "android/app/src/main/assets/public/cordova_plugins.js": 1774204780.681664,
  "android/app/src/main/assets/public/workbox-4754cb34.js": 1774204780.6487136,
  "android/app/src/main/assets/public/sw.js": 1774204780.6488705,
  "android/app/src/main/assets/public/_next/static/chunks/33-10f2c9b72aa243f5.js": 1774204780.652853,
  "android/app/src/main/assets/public/_next/static/chunks/webpack-70bda22133581eba.js": 1774204780.6526854,
  "android/app/src/main/assets/public/_next/static/chunks/689-b791307ed825b1f7.js": 1774204780.6528957,
  "android/app/src/main/assets/public/_next/static/chunks/503-e82915c0c2058561.js": 1774204780.6528003,
  "android/app/src/main/assets/public/_next/static/chunks/main-app-8cab2002b9c0dc0a.js": 1774204780.6528552,
  "android/app/src/main/assets/public/_next/static/chunks/382.95a0d1b4e5ae676d.js": 1774204780.6530092,
  "android/app/src/main/assets/public/_next/static/chunks/90.893810107471e296.js": 1774204780.6530309,
  "android/app/src/main/assets/public/_next/static/chunks/117-72efacd9d8b3f832.js": 1774204780.653195,
  "android/app/src/main/assets/public/_next/static/chunks/framework-f66176bb897dc684.js": 1774204780.6532245,
  "android/app/src/main/assets/public/_next/static/chunks/648-3691cc6972bf655d.js": 1774204780.6532028,
  "android/app/src/main/assets/public/_next/static/chunks/385.19144b75df1a9a6f.js": 1774204780.6531863,
  "android/app/src/main/assets/public/_next/static/chunks/fd9d1056-9586410786111ee9.js": 1774204780.6534724,
  "android/app/src/main/assets/public/_next/static/chunks/main-5be1fd384ce24e64.js": 1774204780.6534598,
  "android/app/src/main/assets/public/_next/static/chunks/230.e762d3810f1864d4.js": 1774204780.6536765,
  "android/app/src/main/assets/public/_next/static/chunks/663.23f9e01d50e58ec4.js": 1774204780.653602,
  "android/app/src/main/assets/public/_next/static/chunks/polyfills-42372ed130431b0a.js": 1774204780.6535413,
  "android/app/src/main/assets/public/_next/static/chunks/app/page-963fa5fc1c03f6cb.js": 1774204780.6559112,
  "android/app/src/main/assets/public/_next/static/chunks/app/layout-8caa28725fc93ee7.js": 1774204780.6559992,
  "android/app/src/main/assets/public/_next/static/chunks/app/settings/page-1d34401b3a09125c.js": 1774204780.6568518,
  "android/app/src/main/assets/public/_next/static/chunks/app/words/page-fc8d184c60ed3381.js": 1774204780.6567423,
  "android/app/src/main/assets/public/_next/static/chunks/app/words/detail/page-b7948e1452f6748a.js": 1774204780.6573029,
  "android/app/src/main/assets/public/_next/static/chunks/app/auth/callback/page-cd90423ad39a75f2.js": 1774204780.657302,
  "android/app/src/main/assets/public/_next/static/chunks/app/add/page-91a3accfd2f22b27.js": 1774204780.656742,
  "android/app/src/main/assets/public/_next/static/chunks/app/review/page-bb97143272f57651.js": 1774204780.6567428,
  "android/app/src/main/assets/public/_next/static/chunks/app/_not-found/page-49bbbd67188fea53.js": 1774204780.6569571,
  "android/app/src/main/assets/public/_next/static/chunks/app/login/page-44f6fcaf753cfb08.js": 1774204780.6569173,
  "android/app/src/main/assets/public/_next/static/chunks/app/stats/page-ce64a3e74d5aae49.js": 1774204780.6569982,
  "android/app/src/main/assets/public/_next/static/chunks/pages/_app-72b849fbd24ac258.js": 1774204780.6562092,
  "android/app/src/main/assets/public/_next/static/chunks/pages/_error-7ba65e1336b92748.js": 1774204780.6561146,
  "android/app/src/main/assets/public/_next/static/EBewE_sZnbY2X5ULX6jyf/_ssgManifest.js": 1774204780.6505058,
  "android/app/src/main/assets/public/_next/static/EBewE_sZnbY2X5ULX6jyf/_buildManifest.js": 1774204780.6509318,
  "src/middleware.ts": 1774126674.7464402,
  "src/types/index.ts": 1774191514.8938599,